<?xml version="1.0" encoding="UTF-8"?>
<root>
    <doclet-version-NOT-library-version>1.07</doclet-version-NOT-library-version>
    <class>
        <name>com.tummosoft.glide.BorderImage</name>
        <owner>process</owner>
        <method>
            <name>transform</name>
            <comment></comment>
            <returntype>android.graphics.Bitmap</returntype>
            <parameter>
                <name>arg0</name>
                <type>com.bumptech.glide.load.engine.bitmap_recycle.BitmapPool</type>
            </parameter>
            <parameter>
                <name>arg1</name>
                <type>android.graphics.Bitmap</type>
            </parameter>
            <parameter>
                <name>arg2</name>
                <type>int</type>
            </parameter>
            <parameter>
                <name>arg3</name>
                <type>int</type>
            </parameter>
        </method>
        <method>
            <name>updateDiskCacheKey</name>
            <comment></comment>
            <returntype>void</returntype>
            <parameter>
                <name>arg0</name>
                <type>java.security.MessageDigest</type>
            </parameter>
        </method>
        <method>
            <name>addBorder</name>
            <comment></comment>
            <returntype>android.graphics.Bitmap</returntype>
            <parameter>
                <name>srcBitmap</name>
                <type>android.graphics.Bitmap</type>
            </parameter>
            <parameter>
                <name>borderWidth</name>
                <type>int</type>
            </parameter>
            <parameter>
                <name>borderColor</name>
                <type>int</type>
            </parameter>
            <parameter>
                <name>radius</name>
                <type>int</type>
            </parameter>
        </method>
    </class>
    <class>
        <name>com.tummosoft.glide.CircleCropBorder</name>
        <owner>process</owner>
        <method>
            <name>transform</name>
            <comment></comment>
            <returntype>android.graphics.Bitmap</returntype>
            <parameter>
                <name>pool</name>
                <type>com.bumptech.glide.load.engine.bitmap_recycle.BitmapPool</type>
            </parameter>
            <parameter>
                <name>sourceBitmap</name>
                <type>android.graphics.Bitmap</type>
            </parameter>
            <parameter>
                <name>outWidth</name>
                <type>int</type>
            </parameter>
            <parameter>
                <name>outHeight</name>
                <type>int</type>
            </parameter>
        </method>
        <method>
            <name>addBorderToCircularBitmap</name>
            <comment></comment>
            <returntype>android.graphics.Bitmap</returntype>
            <parameter>
                <name>srcBitmap</name>
                <type>android.graphics.Bitmap</type>
            </parameter>
            <parameter>
                <name>borderWidth</name>
                <type>int</type>
            </parameter>
            <parameter>
                <name>borderColor</name>
                <type>int</type>
            </parameter>
        </method>
        <method>
            <name>hashCode</name>
            <comment></comment>
            <returntype>int</returntype>
        </method>
        <method>
            <name>updateDiskCacheKey</name>
            <comment></comment>
            <returntype>void</returntype>
            <parameter>
                <name>messageDigest</name>
                <type>java.security.MessageDigest</type>
            </parameter>
        </method>
        <method>
            <name>equals</name>
            <comment></comment>
            <returntype>boolean</returntype>
            <parameter>
                <name>o</name>
                <type>java.lang.Object</type>
            </parameter>
        </method>
    </class>
    <class>
        <name>com.tummosoft.glide.ColorFilterTransformation</name>
        <owner>process</owner>
        <method>
            <name>transform</name>
            <comment></comment>
            <returntype>android.graphics.Bitmap</returntype>
            <parameter>
                <name>pool</name>
                <type>com.bumptech.glide.load.engine.bitmap_recycle.BitmapPool</type>
            </parameter>
            <parameter>
                <name>sourceBitmap</name>
                <type>android.graphics.Bitmap</type>
            </parameter>
            <parameter>
                <name>outWidth</name>
                <type>int</type>
            </parameter>
            <parameter>
                <name>outHeight</name>
                <type>int</type>
            </parameter>
        </method>
        <method>
            <name>hashCode</name>
            <comment></comment>
            <returntype>int</returntype>
        </method>
        <method>
            <name>updateDiskCacheKey</name>
            <comment></comment>
            <returntype>void</returntype>
            <parameter>
                <name>messageDigest</name>
                <type>java.security.MessageDigest</type>
            </parameter>
        </method>
        <method>
            <name>equals</name>
            <comment></comment>
            <returntype>boolean</returntype>
            <parameter>
                <name>o</name>
                <type>java.lang.Object</type>
            </parameter>
        </method>
        <method>
            <name>toString</name>
            <comment></comment>
            <returntype>java.lang.String</returntype>
        </method>
    </class>
    <class>
        <name>com.tummosoft.glide.CombineElement</name>
        <owner>process</owner>
        <method>
            <name>isCenter</name>
            <comment></comment>
            <returntype>boolean</returntype>
        </method>
        <method>
            <name>setY</name>
            <comment></comment>
            <returntype>T</returntype>
            <parameter>
                <name>y</name>
                <type>int</type>
            </parameter>
        </method>
        <method>
            <name>setX</name>
            <comment></comment>
            <returntype>T</returntype>
            <parameter>
                <name>x</name>
                <type>int</type>
            </parameter>
        </method>
        <method>
            <name>setRepeat</name>
            <comment></comment>
            <returntype>T</returntype>
            <parameter>
                <name>repeat</name>
                <type>boolean</type>
            </parameter>
        </method>
        <method>
            <name>setCenter</name>
            <comment></comment>
            <returntype>T</returntype>
            <parameter>
                <name>center</name>
                <type>boolean</type>
            </parameter>
        </method>
        <method>
            <name>setAlpha</name>
            <comment></comment>
            <returntype>T</returntype>
            <parameter>
                <name>alpha</name>
                <type>float</type>
            </parameter>
        </method>
        <method>
            <name>setDirection</name>
            <comment></comment>
            <returntype>T</returntype>
            <parameter>
                <name>direction</name>
                <type EnumType="true">com.tummosoft.glide.Direction</type>
            </parameter>
        </method>
        <method>
            <name>isRepeat</name>
            <comment></comment>
            <returntype>boolean</returntype>
        </method>
        <property>
            <name>RepeatPaddingVertical</name>
            <returntype>int</returntype>
            <comment></comment>
        </property>
        <property>
            <name>X</name>
            <returntype>int</returntype>
            <comment></comment>
        </property>
        <property>
            <name>Alpha</name>
            <returntype>float</returntype>
            <comment></comment>
        </property>
        <property>
            <name>Y</name>
            <returntype>int</returntype>
            <comment></comment>
        </property>
        <property>
            <name>Direction</name>
            <returntype EnumType="true">com.tummosoft.glide.Direction</returntype>
            <comment></comment>
        </property>
        <property>
            <name>RepeatPaddingHorizontal</name>
            <returntype>int</returntype>
            <comment></comment>
        </property>
    </class>
    <class>
        <name>com.tummosoft.glide.CustomDragShadowBuilder</name>
        <owner>process</owner>
        <method>
            <name>onDrawShadow</name>
            <comment></comment>
            <returntype>void</returntype>
            <parameter>
                <name>arg0</name>
                <type>android.graphics.Canvas</type>
            </parameter>
        </method>
        <method>
            <name>onProvideShadowMetrics</name>
            <comment></comment>
            <returntype>void</returntype>
            <parameter>
                <name>size</name>
                <type>android.graphics.Point</type>
            </parameter>
            <parameter>
                <name>touch</name>
                <type>android.graphics.Point</type>
            </parameter>
        </method>
        <property>
            <name>View</name>
            <returntype>android.view.View</returntype>
            <comment></comment>
        </property>
    </class>
    <class>
        <name>com.tummosoft.glide.Direction</name>
        <owner>process</owner>
        <method>
            <name>valueOf</name>
            <comment></comment>
            <returntype EnumType="true">com.tummosoft.glide.Direction</returntype>
            <parameter>
                <name>name</name>
                <type>java.lang.String</type>
            </parameter>
        </method>
        <method>
            <name>hashCode</name>
            <comment></comment>
            <returntype>int</returntype>
        </method>
        <method>
            <name>values</name>
            <comment></comment>
            <returntype EnumType="true">com.tummosoft.glide.Direction[]</returntype>
        </method>
        <method>
            <name>equals</name>
            <comment></comment>
            <returntype>boolean</returntype>
            <parameter>
                <name>arg0</name>
                <type>java.lang.Object</type>
            </parameter>
        </method>
        <method>
            <name>name</name>
            <comment></comment>
            <returntype>java.lang.String</returntype>
        </method>
        <method>
            <name>clone</name>
            <comment></comment>
            <returntype>java.lang.Object</returntype>
        </method>
        <method>
            <name>toString</name>
            <comment></comment>
            <returntype>java.lang.String</returntype>
        </method>
        <method>
            <name>finalize</name>
            <comment></comment>
            <returntype>void</returntype>
        </method>
        <method>
            <name>compareTo</name>
            <comment></comment>
            <returntype>int</returntype>
            <parameter>
                <name>arg0</name>
                <type>E</type>
            </parameter>
        </method>
        <method>
            <name>ordinal</name>
            <comment></comment>
            <returntype>int</returntype>
        </method>
        <property>
            <name>DeclaringClass</name>
            <returntype>java.lang.Class</returntype>
            <comment></comment>
        </property>
    </class>
    <class>
        <name>com.tummosoft.glide.DrawText</name>
        <owner>process</owner>
        <method>
            <name>transform</name>
            <comment></comment>
            <returntype>android.graphics.Bitmap</returntype>
            <parameter>
                <name>pool</name>
                <type>com.bumptech.glide.load.engine.bitmap_recycle.BitmapPool</type>
            </parameter>
            <parameter>
                <name>sourceBitmap</name>
                <type>android.graphics.Bitmap</type>
            </parameter>
            <parameter>
                <name>outWidth</name>
                <type>int</type>
            </parameter>
            <parameter>
                <name>outHeight</name>
                <type>int</type>
            </parameter>
        </method>
        <method>
            <name>updateDiskCacheKey</name>
            <comment></comment>
            <returntype>void</returntype>
            <parameter>
                <name>arg0</name>
                <type>java.security.MessageDigest</type>
            </parameter>
        </method>
    </class>
    <class>
        <name>com.tummosoft.glide.eventGestureDetector</name>
        <owner>process</owner>
        <method>
            <name>onLongPress</name>
            <comment></comment>
            <returntype>void</returntype>
            <parameter>
                <name>ev</name>
                <type>android.view.MotionEvent</type>
            </parameter>
        </method>
        <method>
            <name>onShowPress</name>
            <comment></comment>
            <returntype>void</returntype>
            <parameter>
                <name>ev</name>
                <type>android.view.MotionEvent</type>
            </parameter>
        </method>
        <method>
            <name>onSingleTapUp</name>
            <comment></comment>
            <returntype>boolean</returntype>
            <parameter>
                <name>ev</name>
                <type>android.view.MotionEvent</type>
            </parameter>
        </method>
        <method>
            <name>onScroll</name>
            <comment></comment>
            <returntype>boolean</returntype>
            <parameter>
                <name>e1</name>
                <type>android.view.MotionEvent</type>
            </parameter>
            <parameter>
                <name>e2</name>
                <type>android.view.MotionEvent</type>
            </parameter>
            <parameter>
                <name>distanceX</name>
                <type>float</type>
            </parameter>
            <parameter>
                <name>distanceY</name>
                <type>float</type>
            </parameter>
        </method>
        <method>
            <name>onFling</name>
            <comment></comment>
            <returntype>boolean</returntype>
            <parameter>
                <name>e1</name>
                <type>android.view.MotionEvent</type>
            </parameter>
            <parameter>
                <name>e2</name>
                <type>android.view.MotionEvent</type>
            </parameter>
            <parameter>
                <name>velocityX</name>
                <type>float</type>
            </parameter>
            <parameter>
                <name>velocityY</name>
                <type>float</type>
            </parameter>
        </method>
        <method>
            <name>onDown</name>
            <comment></comment>
            <returntype>boolean</returntype>
            <parameter>
                <name>arg0</name>
                <type>android.view.MotionEvent</type>
            </parameter>
        </method>
        <method>
            <name>onSingleTapConfirmed</name>
            <comment></comment>
            <returntype>boolean</returntype>
            <parameter>
                <name>ev</name>
                <type>android.view.MotionEvent</type>
            </parameter>
        </method>
        <method>
            <name>onDoubleTapEvent</name>
            <comment></comment>
            <returntype>boolean</returntype>
            <parameter>
                <name>arg0</name>
                <type>android.view.MotionEvent</type>
            </parameter>
        </method>
        <method>
            <name>onDoubleTap</name>
            <comment></comment>
            <returntype>boolean</returntype>
            <parameter>
                <name>ev</name>
                <type>android.view.MotionEvent</type>
            </parameter>
        </method>
        <method>
            <name>onContextClick</name>
            <comment></comment>
            <returntype>boolean</returntype>
            <parameter>
                <name>arg0</name>
                <type>android.view.MotionEvent</type>
            </parameter>
        </method>
    </class>
    <class>
        <name>com.tummosoft.glide.EventOnTouch</name>
        <owner>process</owner>
        <method>
            <name>onClick</name>
            <comment></comment>
            <returntype>void</returntype>
            <parameter>
                <name>arg0</name>
                <type>android.view.View</type>
            </parameter>
        </method>
        <method>
            <name>onTouch</name>
            <comment></comment>
            <returntype>boolean</returntype>
            <parameter>
                <name>arg0</name>
                <type>android.view.View</type>
            </parameter>
            <parameter>
                <name>ev</name>
                <type>android.view.MotionEvent</type>
            </parameter>
        </method>
    </class>
    <class>
        <name>com.tummosoft.glide.FastBlur</name>
        <comment>Copyright (C) 2020 Wasabeef
 &lt;p&gt;
 Licensed under the Apache License, Version 2.0 (the "License");
 you may not use this file except in compliance with the License.
 You may obtain a copy of the License at
 &lt;p&gt;
 http://www.apache.org/licenses/LICENSE-2.0
 &lt;p&gt;
 Unless required by applicable law or agreed to in writing, software
 distributed under the License is distributed on an "AS IS" BASIS,
 WITHOUT WARRANTIES OR CONDITIONS OF ANY KIND, either express or implied.
 See the License for the specific language governing permissions and
 limitations under the License.</comment>
        <owner>process</owner>
        <method>
            <name>blur</name>
            <comment></comment>
            <returntype>android.graphics.Bitmap</returntype>
            <parameter>
                <name>sentBitmap</name>
                <type>android.graphics.Bitmap</type>
            </parameter>
            <parameter>
                <name>radius</name>
                <type>int</type>
            </parameter>
            <parameter>
                <name>canReuseInBitmap</name>
                <type>boolean</type>
            </parameter>
        </method>
    </class>
    <class>
        <name>com.tummosoft.glide.GlideBlurTransformation</name>
        <owner>process</owner>
        <method>
            <name>transform</name>
            <comment></comment>
            <returntype>android.graphics.Bitmap</returntype>
            <parameter>
                <name>pool</name>
                <type>com.bumptech.glide.load.engine.bitmap_recycle.BitmapPool</type>
            </parameter>
            <parameter>
                <name>sourceBitmap</name>
                <type>android.graphics.Bitmap</type>
            </parameter>
            <parameter>
                <name>outWidth</name>
                <type>int</type>
            </parameter>
            <parameter>
                <name>outHeight</name>
                <type>int</type>
            </parameter>
        </method>
        <method>
            <name>updateDiskCacheKey</name>
            <comment></comment>
            <returntype>void</returntype>
            <parameter>
                <name>arg0</name>
                <type>java.security.MessageDigest</type>
            </parameter>
        </method>
    </class>
    <class>
        <name>com.tummosoft.glide.GlideCircleShadow</name>
        <owner>process</owner>
        <method>
            <name>transform</name>
            <comment></comment>
            <returntype>android.graphics.Bitmap</returntype>
            <parameter>
                <name>pool</name>
                <type>com.bumptech.glide.load.engine.bitmap_recycle.BitmapPool</type>
            </parameter>
            <parameter>
                <name>sourceBitmap</name>
                <type>android.graphics.Bitmap</type>
            </parameter>
            <parameter>
                <name>outWidth</name>
                <type>int</type>
            </parameter>
            <parameter>
                <name>outHeight</name>
                <type>int</type>
            </parameter>
        </method>
        <method>
            <name>hashCode</name>
            <comment></comment>
            <returntype>int</returntype>
        </method>
        <method>
            <name>updateDiskCacheKey</name>
            <comment></comment>
            <returntype>void</returntype>
            <parameter>
                <name>messageDigest</name>
                <type>java.security.MessageDigest</type>
            </parameter>
        </method>
        <method>
            <name>equals</name>
            <comment></comment>
            <returntype>boolean</returntype>
            <parameter>
                <name>obj</name>
                <type>java.lang.Object</type>
            </parameter>
        </method>
    </class>
    <class>
        <name>com.tummosoft.glide.GlideClickEvent</name>
        <owner>process</owner>
        <method>
            <name>RectangleClick</name>
            <comment></comment>
            <returntype>void</returntype>
            <parameter>
                <name>img</name>
                <type>android.widget.ImageView</type>
            </parameter>
            <parameter>
                <name>backup</name>
                <type>android.widget.ImageView</type>
            </parameter>
            <parameter>
                <name>borderWidth</name>
                <type>int</type>
            </parameter>
            <parameter>
                <name>borderColor</name>
                <type>int</type>
            </parameter>
            <parameter>
                <name>radius</name>
                <type>int</type>
            </parameter>
            <parameter>
                <name>rect</name>
                <type>android.graphics.RectF</type>
            </parameter>
        </method>
        <method>
            <name>CircleClick</name>
            <comment></comment>
            <returntype>void</returntype>
            <parameter>
                <name>img</name>
                <type>android.widget.ImageView</type>
            </parameter>
            <parameter>
                <name>backup</name>
                <type>android.widget.ImageView</type>
            </parameter>
            <parameter>
                <name>borderWidth</name>
                <type>int</type>
            </parameter>
            <parameter>
                <name>borderColor</name>
                <type>int</type>
            </parameter>
        </method>
    </class>
    <class>
        <name>com.tummosoft.glide.GlideFilterType</name>
        <owner>process</owner>
        <field>
            <name>FILTER_COLOR</name>
            <comment></comment>
            <returntype>int</returntype>
        </field>
        <field>
            <name>FILTER_NONE</name>
            <comment></comment>
            <returntype>int</returntype>
        </field>
        <field>
            <name>FILTER_BLUR</name>
            <comment></comment>
            <returntype>int</returntype>
        </field>
        <field>
            <name>FILTER_GRAYSCALE</name>
            <comment></comment>
            <returntype>int</returntype>
        </field>
    </class>
    <class>
        <name>com.tummosoft.glide.GlideGravity</name>
        <owner>process</owner>
        <field>
            <name>FIT_XY</name>
            <comment></comment>
            <returntype>int</returntype>
        </field>
        <field>
            <name>CENTER_CROP</name>
            <comment></comment>
            <returntype>int</returntype>
        </field>
        <field>
            <name>FIT_CENTER</name>
            <comment></comment>
            <returntype>int</returntype>
        </field>
        <field>
            <name>CIRCLE_CROP</name>
            <comment></comment>
            <returntype>int</returntype>
        </field>
        <field>
            <name>FIT_START</name>
            <comment></comment>
            <returntype>int</returntype>
        </field>
        <field>
            <name>FIT_END</name>
            <comment></comment>
            <returntype>int</returntype>
        </field>
        <field>
            <name>CENTER_INSIDE</name>
            <comment></comment>
            <returntype>int</returntype>
        </field>
    </class>
    <class>
        <name>com.tummosoft.glide.GlideLoader</name>
        <shortname>GlideLoader</shortname>
        <owner>process</owner>
        <event>Click</event>
        <event>OnTouch(X As Float, Y As Float) As Boolean</event>
        <event>OnDown(X As Float, Y As Float)</event>
        <event>OnDrag(X As Float, Y As Float)</event>
        <event>OnFling(X As Float, Y As Float)</event>
        <event>OnPointerUp(X As Float, Y As Float)</event>
        <event>OnScroll(X As Float, Y As Float, status as int), Cancel(X As Float, Y As Float)</event>
        <permission>android.permission.INTERNET</permission>
        <permission>android.permission.ACCESS_NETWORK_STATE</permission>
        <permission>android.permission.WRITE_EXTERNAL_STORAGE</permission>
        <permission>android.permission.READ_EXTERNAL_STORAGE</permission>
        <method>
            <name>GradientBackground</name>
            <comment></comment>
            <returntype>void</returntype>
            <parameter>
                <name>startColor</name>
                <type>int</type>
            </parameter>
            <parameter>
                <name>endColor</name>
                <type>int</type>
            </parameter>
        </method>
        <method>
            <name>fromUrl</name>
            <comment></comment>
            <returntype>void</returntype>
            <parameter>
                <name>url</name>
                <type>java.lang.String</type>
            </parameter>
        </method>
        <method>
            <name>ClearDiskCache</name>
            <comment></comment>
            <returntype>void</returntype>
        </method>
        <method>
            <name>TestAnimation</name>
            <comment></comment>
            <returntype>void</returntype>
        </method>
        <method>
            <name>ClearMemory</name>
            <comment></comment>
            <returntype>void</returntype>
        </method>
        <method>
            <name>initialize</name>
            <comment></comment>
            <returntype>void</returntype>
            <parameter>
                <name>ba</name>
                <type>anywheresoftware.b4a.BA</type>
            </parameter>
            <parameter>
                <name>EventName</name>
                <type>java.lang.String</type>
            </parameter>
            <parameter>
                <name>imv</name>
                <type>anywheresoftware.b4a.objects.ImageViewWrapper</type>
            </parameter>
        </method>
        <method>
            <name>reSize</name>
            <comment></comment>
            <returntype>void</returntype>
            <parameter>
                <name>width</name>
                <type>int</type>
            </parameter>
            <parameter>
                <name>height</name>
                <type>int</type>
            </parameter>
        </method>
        <method>
            <name>Resources</name>
            <comment></comment>
            <returntype>anywheresoftware.b4a.objects.drawable.CanvasWrapper.BitmapWrapper</returntype>
        </method>
        <method>
            <name>fromFile</name>
            <comment></comment>
            <returntype>void</returntype>
            <parameter>
                <name>Dir</name>
                <type>java.lang.String</type>
            </parameter>
            <parameter>
                <name>FileName</name>
                <type>java.lang.String</type>
            </parameter>
        </method>
        <method>
            <name>Clear</name>
            <comment></comment>
            <returntype>void</returntype>
            <parameter>
                <name>imv</name>
                <type>anywheresoftware.b4a.objects.ImageViewWrapper</type>
            </parameter>
        </method>
        <property>
            <name>TouchEffect</name>
            <returntype>int</returntype>
            <parameter>
                <name>value</name>
                <type>int</type>
            </parameter>
            <comment></comment>
        </property>
        <property>
            <name>ShadownColor</name>
            <returntype>int</returntype>
            <parameter>
                <name>value</name>
                <type>int</type>
            </parameter>
            <comment></comment>
        </property>
        <property>
            <name>Background</name>
            <returntype>int</returntype>
            <parameter>
                <name>value</name>
                <type>int</type>
            </parameter>
            <comment></comment>
        </property>
        <property>
            <name>Rotate</name>
            <returntype>int</returntype>
            <parameter>
                <name>value</name>
                <type>int</type>
            </parameter>
            <comment></comment>
        </property>
        <property>
            <name>BlurRadius</name>
            <returntype>int</returntype>
            <parameter>
                <name>value</name>
                <type>int</type>
            </parameter>
            <comment></comment>
        </property>
        <property>
            <name>BorderColor</name>
            <returntype>int</returntype>
            <parameter>
                <name>value</name>
                <type>int</type>
            </parameter>
            <comment></comment>
        </property>
        <property>
            <name>BorderWidth</name>
            <returntype>int</returntype>
            <parameter>
                <name>value</name>
                <type>int</type>
            </parameter>
            <comment></comment>
        </property>
        <property>
            <name>Shadown</name>
            <returntype>java.lang.Boolean</returntype>
            <parameter>
                <name>value</name>
                <type>java.lang.Boolean</type>
            </parameter>
            <comment></comment>
        </property>
        <property>
            <name>FilterType</name>
            <returntype>int</returntype>
            <parameter>
                <name>value</name>
                <type>int</type>
            </parameter>
            <comment></comment>
        </property>
        <property>
            <name>CornerRadius</name>
            <returntype>int</returntype>
            <parameter>
                <name>value</name>
                <type>int</type>
            </parameter>
            <comment></comment>
        </property>
        <property>
            <name>Filter</name>
            <returntype>java.lang.Boolean</returntype>
            <parameter>
                <name>value</name>
                <type>java.lang.Boolean</type>
            </parameter>
            <comment></comment>
        </property>
        <property>
            <name>Alpha</name>
            <returntype>float</returntype>
            <parameter>
                <name>value</name>
                <type>float</type>
            </parameter>
            <comment></comment>
        </property>
        <property>
            <name>TouchType</name>
            <returntype>int</returntype>
            <parameter>
                <name>value</name>
                <type>int</type>
            </parameter>
            <comment></comment>
        </property>
        <property>
            <name>Padding</name>
            <parameter>
                <name>value</name>
                <type>int[]</type>
            </parameter>
            <comment></comment>
        </property>
        <property>
            <name>Animation</name>
            <returntype>int</returntype>
            <parameter>
                <name>value</name>
                <type>int</type>
            </parameter>
            <comment></comment>
        </property>
        <property>
            <name>FilterColor</name>
            <returntype>int</returntype>
            <parameter>
                <name>value</name>
                <type>int</type>
            </parameter>
            <comment></comment>
        </property>
        <property>
            <name>Visibility</name>
            <returntype>int</returntype>
            <parameter>
                <name>value</name>
                <type>int</type>
            </parameter>
            <comment></comment>
        </property>
        <property>
            <name>GlideType</name>
            <returntype>int</returntype>
            <parameter>
                <name>value</name>
                <type>int</type>
            </parameter>
            <comment></comment>
        </property>
        <property>
            <name>ToX</name>
            <parameter>
                <name>value</name>
                <type>int</type>
            </parameter>
            <comment></comment>
        </property>
        <field>
            <name>TouchTypes</name>
            <comment></comment>
            <returntype>com.tummosoft.glide.TouchType</returntype>
        </field>
        <field>
            <name>FilterTypes</name>
            <comment></comment>
            <returntype>com.tummosoft.glide.GlideFilterType</returntype>
        </field>
        <field>
            <name>GlideTypes</name>
            <comment></comment>
            <returntype>com.tummosoft.glide.GlideGravity</returntype>
        </field>
        <field>
            <name>TouchEffects</name>
            <comment></comment>
            <returntype>com.tummosoft.glide.TouchEffect</returntype>
        </field>
    </class>
    <class>
        <name>com.tummosoft.glide.GlideShadow</name>
        <owner>process</owner>
        <method>
            <name>transform</name>
            <comment></comment>
            <returntype>android.graphics.Bitmap</returntype>
            <parameter>
                <name>pool</name>
                <type>com.bumptech.glide.load.engine.bitmap_recycle.BitmapPool</type>
            </parameter>
            <parameter>
                <name>sourceBitmap</name>
                <type>android.graphics.Bitmap</type>
            </parameter>
            <parameter>
                <name>outWidth</name>
                <type>int</type>
            </parameter>
            <parameter>
                <name>outHeight</name>
                <type>int</type>
            </parameter>
        </method>
        <method>
            <name>hashCode</name>
            <comment></comment>
            <returntype>int</returntype>
        </method>
        <method>
            <name>updateDiskCacheKey</name>
            <comment></comment>
            <returntype>void</returntype>
            <parameter>
                <name>messageDigest</name>
                <type>java.security.MessageDigest</type>
            </parameter>
        </method>
        <method>
            <name>equals</name>
            <comment></comment>
            <returntype>boolean</returntype>
            <parameter>
                <name>o</name>
                <type>java.lang.Object</type>
            </parameter>
        </method>
        <method>
            <name>addShadow</name>
            <comment></comment>
            <returntype>android.graphics.Bitmap</returntype>
            <parameter>
                <name>srcBitmap</name>
                <type>android.graphics.Bitmap</type>
            </parameter>
            <parameter>
                <name>borderWidth</name>
                <type>int</type>
            </parameter>
            <parameter>
                <name>borderColor</name>
                <type>int</type>
            </parameter>
            <parameter>
                <name>radius</name>
                <type>int</type>
            </parameter>
        </method>
    </class>
    <class>
        <name>com.tummosoft.glide.GlideSVG</name>
        <owner>process</owner>
        <method>
            <name>GetFormURL</name>
            <comment></comment>
            <returntype>android.graphics.Bitmap</returntype>
            <parameter>
                <name>url</name>
                <type>java.lang.String</type>
            </parameter>
        </method>
        <field>
            <name>DEFAULT_BUFFER_SIZE</name>
            <comment></comment>
            <returntype>int</returntype>
        </field>
    </class>
    <class>
        <name>com.tummosoft.glide.GlideWrapper</name>
        <owner>process</owner>
        <method>
            <name>fromUrl</name>
            <comment></comment>
            <returntype>void</returntype>
            <parameter>
                <name>url</name>
                <type>java.lang.String</type>
            </parameter>
        </method>
        <method>
            <name>initialize</name>
            <comment></comment>
            <returntype>void</returntype>
            <parameter>
                <name>ba</name>
                <type>anywheresoftware.b4a.BA</type>
            </parameter>
            <parameter>
                <name>EventName</name>
                <type>java.lang.String</type>
            </parameter>
            <parameter>
                <name>imv</name>
                <type>anywheresoftware.b4a.objects.ImageViewWrapper</type>
            </parameter>
        </method>
        <method>
            <name>fromFile</name>
            <comment></comment>
            <returntype>void</returntype>
            <parameter>
                <name>Dir</name>
                <type>java.lang.String</type>
            </parameter>
            <parameter>
                <name>FileName</name>
                <type>java.lang.String</type>
            </parameter>
        </method>
    </class>
    <class>
        <name>com.tummosoft.glide.LineAlign</name>
        <owner>process</owner>
        <method>
            <name>valueOf</name>
            <comment></comment>
            <returntype EnumType="true">com.tummosoft.glide.LineAlign</returntype>
            <parameter>
                <name>name</name>
                <type>java.lang.String</type>
            </parameter>
        </method>
        <method>
            <name>hashCode</name>
            <comment></comment>
            <returntype>int</returntype>
        </method>
        <method>
            <name>values</name>
            <comment></comment>
            <returntype EnumType="true">com.tummosoft.glide.LineAlign[]</returntype>
        </method>
        <method>
            <name>equals</name>
            <comment></comment>
            <returntype>boolean</returntype>
            <parameter>
                <name>arg0</name>
                <type>java.lang.Object</type>
            </parameter>
        </method>
        <method>
            <name>name</name>
            <comment></comment>
            <returntype>java.lang.String</returntype>
        </method>
        <method>
            <name>clone</name>
            <comment></comment>
            <returntype>java.lang.Object</returntype>
        </method>
        <method>
            <name>toString</name>
            <comment></comment>
            <returntype>java.lang.String</returntype>
        </method>
        <method>
            <name>finalize</name>
            <comment></comment>
            <returntype>void</returntype>
        </method>
        <method>
            <name>compareTo</name>
            <comment></comment>
            <returntype>int</returntype>
            <parameter>
                <name>arg0</name>
                <type>E</type>
            </parameter>
        </method>
        <method>
            <name>ordinal</name>
            <comment></comment>
            <returntype>int</returntype>
        </method>
        <property>
            <name>DeclaringClass</name>
            <returntype>java.lang.Class</returntype>
            <comment></comment>
        </property>
    </class>
    <class>
        <name>com.tummosoft.glide.RSBlur</name>
        <comment>Copyright (C) 2020 Wasabeef
 &lt;p&gt;
 Licensed under the Apache License, Version 2.0 (the "License");
 you may not use this file except in compliance with the License.
 You may obtain a copy of the License at
 &lt;p&gt;
 http://www.apache.org/licenses/LICENSE-2.0
 &lt;p&gt;
 Unless required by applicable law or agreed to in writing, software
 distributed under the License is distributed on an "AS IS" BASIS,
 WITHOUT WARRANTIES OR CONDITIONS OF ANY KIND, either express or implied.
 See the License for the specific language governing permissions and
 limitations under the License.</comment>
        <owner>process</owner>
        <method>
            <name>blur</name>
            <comment></comment>
            <returntype>android.graphics.Bitmap</returntype>
            <parameter>
                <name>context</name>
                <type>android.content.Context</type>
            </parameter>
            <parameter>
                <name>bitmap</name>
                <type>android.graphics.Bitmap</type>
            </parameter>
            <parameter>
                <name>radius</name>
                <type>int</type>
            </parameter>
        </method>
    </class>
    <class>
        <name>com.tummosoft.glide.ScaleMode</name>
        <owner>process</owner>
        <field>
            <name>CENTER</name>
            <comment></comment>
            <returntype>int</returntype>
        </field>
        <field>
            <name>ZOOM_END</name>
            <comment></comment>
            <returntype>int</returntype>
        </field>
        <field>
            <name>STRECH</name>
            <comment></comment>
            <returntype>int</returntype>
        </field>
        <field>
            <name>ZOOM_START</name>
            <comment></comment>
            <returntype>int</returntype>
        </field>
        <field>
            <name>CLIP_CENTER</name>
            <comment></comment>
            <returntype>int</returntype>
        </field>
        <field>
            <name>ZOOM_CENTER</name>
            <comment></comment>
            <returntype>int</returntype>
        </field>
        <field>
            <name>INSIDE</name>
            <comment></comment>
            <returntype>int</returntype>
        </field>
    </class>
    <class>
        <name>com.tummosoft.glide.TouchEffect</name>
        <owner>process</owner>
        <field>
            <name>OVERPLAY</name>
            <comment></comment>
            <returntype>int</returntype>
        </field>
        <field>
            <name>RIPPLE_COLOR</name>
            <comment></comment>
            <returntype>int</returntype>
        </field>
        <field>
            <name>RIPPLE_SIMPLE</name>
            <comment></comment>
            <returntype>int</returntype>
        </field>
        <field>
            <name>NONE</name>
            <comment></comment>
            <returntype>int</returntype>
        </field>
    </class>
    <class>
        <name>com.tummosoft.glide.TouchType</name>
        <owner>process</owner>
        <field>
            <name>TOUCH_DRAG</name>
            <comment></comment>
            <returntype>int</returntype>
        </field>
        <field>
            <name>TOUCH_NONE</name>
            <comment></comment>
            <returntype>int</returntype>
        </field>
        <field>
            <name>TOUCH_CLICK</name>
            <comment></comment>
            <returntype>int</returntype>
        </field>
    </class>
    <class>
        <name>com.tummosoft.glide.Utils</name>
        <comment>Copyright (C) 2020 Wasabeef
 &lt;p&gt;
 Licensed under the Apache License, Version 2.0 (the "License");
 you may not use this file except in compliance with the License.
 You may obtain a copy of the License at
 &lt;p&gt;
 http://www.apache.org/licenses/LICENSE-2.0
 &lt;p&gt;
 Unless required by applicable law or agreed to in writing, software
 distributed under the License is distributed on an "AS IS" BASIS,
 WITHOUT WARRANTIES OR CONDITIONS OF ANY KIND, either express or implied.
 See the License for the specific language governing permissions and
 limitations under the License.</comment>
        <owner>process</owner>
        <method>
            <name>toDp</name>
            <comment></comment>
            <returntype>int</returntype>
            <parameter>
                <name>px</name>
                <type>int</type>
            </parameter>
        </method>
    </class>
    <version>2.04</version>
</root>
